Subject,List,FirstorSecond,Experiment,Sentence,Picture,Accuracy,RT
37,1,2,1,Blank,Gray,1,595
37,1,2,1,Blank,Color,1,579.5
37,1,2,1,Color,Color,1,534
37,1,2,1,Color,Gray,1,651.5
39,2,2,1,Blank,Gray,1,464
39,2,2,1,Blank,Color,1,483
39,2,2,1,Color,Color,1,497
39,2,2,1,Color,Gray,1,548.5
41,3,1,1,Blank,Gray,1,1222
41,3,1,1,Blank,Color,1,1016.5
41,3,1,1,Color,Color,1,934
41,3,1,1,Color,Gray,1,1037.5
43,4,2,1,Blank,Gray,1,507.5
43,4,2,1,Blank,Color,1,553.5
43,4,2,1,Color,Color,1,600
43,4,2,1,Color,Gray,1,685
45,1,1,1,Blank,Gray,1,785
45,1,1,1,Blank,Color,1,839
45,1,1,1,Color,Color,1,860
45,1,1,1,Color,Gray,1,690.5
47,2,2,1,Blank,Gray,1,556.5
47,2,2,1,Blank,Color,1,603.5
47,2,2,1,Color,Color,1,571
47,2,2,1,Color,Gray,1,645.5
49,3,1,1,Blank,Gray,1,814.5
49,3,1,1,Blank,Color,0.916666667,783
49,3,1,1,Color,Color,1,839
49,3,1,1,Color,Gray,1,816
51,4,2,1,Blank,Gray,1,1059
51,4,2,1,Blank,Color,1,1110
51,4,2,1,Color,Color,1,1087.5
51,4,2,1,Color,Gray,1,1351
53,1,2,1,Blank,Gray,1,1536
53,1,2,1,Blank,Color,1,1509
53,1,2,1,Color,Color,1,1380
53,1,2,1,Color,Gray,1,1558.5
55,2,2,1,Blank,Gray,1,1767
55,2,2,1,Blank,Color,1,1765.5
55,2,2,1,Color,Color,0.916666667,1592
55,2,2,1,Color,Gray,0.916666667,1372
57,3,1,1,Blank,Gray,1,537
57,3,1,1,Blank,Color,0.916666667,515
57,3,1,1,Color,Color,0.916666667,590
57,3,1,1,Color,Gray,1,591.5
59,4,1,1,Blank,Gray,0.916666667,743
59,4,1,1,Blank,Color,0.916666667,917
59,4,1,1,Color,Color,1,895.5
59,4,1,1,Color,Gray,1,742
61,1,1,1,Blank,Gray,1,758
61,1,1,1,Blank,Color,1,667
61,1,1,1,Color,Color,1,775.5
61,1,1,1,Color,Gray,0.916666667,734
63,2,2,1,Blank,Gray,1,673.5
63,2,2,1,Blank,Color,1,684.5
63,2,2,1,Color,Color,1,642
63,2,2,1,Color,Gray,1,823
65,3,2,1,Blank,Gray,1,587
65,3,2,1,Blank,Color,1,632
65,3,2,1,Color,Color,1,602
65,3,2,1,Color,Gray,1,730.5
67,4,1,1,Blank,Gray,1,1029.5
67,4,1,1,Blank,Color,1,1065.5
67,4,1,1,Color,Color,1,1283.5
67,4,1,1,Color,Gray,0.916666667,1097
69,1,2,1,Blank,Gray,1,570.5
69,1,2,1,Blank,Color,1,519
69,1,2,1,Color,Color,1,523
69,1,2,1,Color,Gray,1,599.5
71,2,2,1,Blank,Gray,1,895
71,2,2,1,Blank,Color,0.916666667,1362
71,2,2,1,Color,Color,0.916666667,717
71,2,2,1,Color,Gray,0.916666667,1257
73,3,2,1,Blank,Gray,1,1186.5
73,3,2,1,Blank,Color,1,1125.5
73,3,2,1,Color,Color,1,1279.5
73,3,2,1,Color,Gray,1,1255
75,4,2,1,Blank,Gray,1,743.5
75,4,2,1,Blank,Color,1,818
75,4,2,1,Color,Color,1,838.5
75,4,2,1,Color,Gray,1,1026
77,1,1,1,Blank,Gray,0.916666667,791
77,1,1,1,Blank,Color,1,804
77,1,1,1,Color,Color,1,739.5
77,1,1,1,Color,Gray,0.916666667,803
79,2,1,1,Blank,Gray,1,1689
79,2,1,1,Blank,Color,1,1195.5
79,2,1,1,Color,Color,1,726.5
79,2,1,1,Color,Gray,1,1094.5
81,3,2,1,Blank,Gray,1,806.5
81,3,2,1,Blank,Color,1,782
81,3,2,1,Color,Color,1,1050.5
81,3,2,1,Color,Gray,1,1135.5
83,4,2,1,Blank,Gray,0.916666667,911
83,4,2,1,Blank,Color,1,932.5
83,4,2,1,Color,Color,1,1045
83,4,2,1,Color,Gray,0.916666667,1163
85,1,2,1,Blank,Gray,0.916666667,733
85,1,2,1,Blank,Color,1,919
85,1,2,1,Color,Color,1,847
85,1,2,1,Color,Gray,1,1101
87,2,2,1,Blank,Gray,1,860
87,2,2,1,Blank,Color,1,959
87,2,2,1,Color,Color,1,879.5
87,2,2,1,Color,Gray,1,945.5
89,3,2,1,Blank,Gray,1,511.5
89,3,2,1,Blank,Color,1,525
89,3,2,1,Color,Color,1,540
89,3,2,1,Color,Gray,0.916666667,681
91,4,2,1,Blank,Gray,0.916666667,599
91,4,2,1,Blank,Color,1,440.5
91,4,2,1,Color,Color,1,472
91,4,2,1,Color,Gray,0.833333333,646
93,1,1,1,Blank,Gray,0.833333333,575
93,1,1,1,Blank,Color,1,582.5
93,1,1,1,Color,Color,1,546.5
93,1,1,1,Color,Gray,0.833333333,721
95,2,2,1,Blank,Gray,1,639
95,2,2,1,Blank,Color,1,867.5
95,2,2,1,Color,Color,1,641
95,2,2,1,Color,Gray,1,746
97,3,2,1,Blank,Gray,1,836.5
97,3,2,1,Blank,Color,1,873
97,3,2,1,Color,Color,1,779
97,3,2,1,Color,Gray,1,1471
99,4,1,1,Blank,Gray,1,1170
99,4,1,1,Blank,Color,1,1082
99,4,1,1,Color,Color,1,1173
99,4,1,1,Color,Gray,1,1257
101,1,1,1,Blank,Gray,1,728
101,1,1,1,Blank,Color,1,776.5
101,1,1,1,Color,Color,1,669
101,1,1,1,Color,Gray,0.916666667,784
103,2,2,1,Blank,Gray,1,851
103,2,2,1,Blank,Color,1,787.5
103,2,2,1,Color,Color,1,640.5
103,2,2,1,Color,Gray,0.916666667,1080
105,3,2,1,Blank,Gray,1,1366.5
105,3,2,1,Blank,Color,0.916666667,1793
105,3,2,1,Color,Color,0.916666667,1462
105,3,2,1,Color,Gray,1,1495.5
107,4,1,1,Blank,Gray,1,1037.5
107,4,1,1,Blank,Color,1,894.5
107,4,1,1,Color,Color,1,1167
107,4,1,1,Color,Gray,0.916666667,1443
111,2,2,1,Blank,Gray,1,966.5
111,2,2,1,Blank,Color,0.916666667,1280
111,2,2,1,Color,Color,1,1052.5
111,2,2,1,Color,Gray,0.666666667,1137
113,3,2,1,Blank,Gray,0.916666667,539
113,3,2,1,Blank,Color,1,515
113,3,2,1,Color,Color,1,515
113,3,2,1,Color,Gray,1,606
115,4,1,1,Blank,Gray,1,577
115,4,1,1,Blank,Color,1,736.5
115,4,1,1,Color,Color,1,875.5
115,4,1,1,Color,Gray,0.916666667,835
117,1,2,1,Blank,Gray,1,1357
117,1,2,1,Blank,Color,1,1310
117,1,2,1,Color,Color,1,1121.5
117,1,2,1,Color,Gray,1,1456
119,2,1,1,Blank,Gray,1,649.5
119,2,1,1,Blank,Color,1,629
119,2,1,1,Color,Color,0.916666667,696
119,2,1,1,Color,Gray,0.916666667,703
123,4,1,1,Blank,Gray,1,669
123,4,1,1,Blank,Color,1,642.5
123,4,1,1,Color,Color,1,681.5
123,4,1,1,Color,Gray,1,816.5
125,1,1,1,Blank,Gray,1,841.5
125,1,1,1,Blank,Color,1,993.5
125,1,1,1,Color,Color,0.916666667,623
125,1,1,1,Color,Gray,1,872
129,3,1,1,Blank,Gray,1,1259.5
129,3,1,1,Blank,Color,1,1337
129,3,1,1,Color,Color,0.833333333,1377.5
129,3,1,1,Color,Gray,1,1196
131,4,1,1,Blank,Gray,0.916666667,597
131,4,1,1,Blank,Color,0.916666667,531
131,4,1,1,Color,Color,1,634
131,4,1,1,Color,Gray,1,605.5
133,1,2,1,Blank,Gray,1,538
133,1,2,1,Blank,Color,0.916666667,492
133,1,2,1,Color,Color,1,474.5
133,1,2,1,Color,Gray,1,488
135,2,2,1,Blank,Gray,1,953.5
135,2,2,1,Blank,Color,1,1142
135,2,2,1,Color,Color,1,871.5
135,2,2,1,Color,Gray,1,1092
137,3,1,1,Blank,Gray,1,1281.5
137,3,1,1,Blank,Color,1,1414
137,3,1,1,Color,Color,1,1295.5
137,3,1,1,Color,Gray,1,1842.5
139,4,2,1,Blank,Gray,1,685
139,4,2,1,Blank,Color,1,691
139,4,2,1,Color,Color,1,677
139,4,2,1,Color,Gray,0.75,664
141,1,1,1,Blank,Gray,1,709
141,1,1,1,Blank,Color,1,697.5
141,1,1,1,Color,Color,1,620.5
141,1,1,1,Color,Gray,0.916666667,691
143,2,2,1,Blank,Gray,1,746.5
143,2,2,1,Blank,Color,1,939
143,2,2,1,Color,Color,1,720.5
143,2,2,1,Color,Gray,1,709.5
145,3,1,1,Blank,Gray,1,367.5
145,3,1,1,Blank,Color,0.916666667,359
145,3,1,1,Color,Color,0.833333333,376
145,3,1,1,Color,Gray,1,391.5
147,4,1,1,Blank,Gray,1,704
147,4,1,1,Blank,Color,1,1159
147,4,1,1,Color,Color,0.916666667,1039
147,4,1,1,Color,Gray,1,1004.5
149,1,2,1,Blank,Gray,0.916666667,715
149,1,2,1,Blank,Color,1,765
149,1,2,1,Color,Color,1,687.5
149,1,2,1,Color,Gray,1,772
151,2,1,1,Blank,Gray,1,646.5
151,2,1,1,Blank,Color,0.916666667,673
151,2,1,1,Color,Color,1,756.5
151,2,1,1,Color,Gray,1,663.5
153,3,1,1,Blank,Gray,1,640.5
153,3,1,1,Blank,Color,1,567
153,3,1,1,Color,Color,1,464
153,3,1,1,Color,Gray,0.916666667,634
155,4,1,1,Blank,Gray,1,491
155,4,1,1,Blank,Color,1,698.5
155,4,1,1,Color,Color,1,525.5
155,4,1,1,Color,Gray,0.916666667,669
157,1,1,1,Blank,Gray,0.916666667,668
157,1,1,1,Blank,Color,1,661
157,1,1,1,Color,Color,1,651
157,1,1,1,Color,Gray,1,815
159,2,1,1,Blank,Gray,1,760.5
159,2,1,1,Blank,Color,1,684
159,2,1,1,Color,Color,0.916666667,673
159,2,1,1,Color,Gray,0.916666667,803
161,3,1,1,Blank,Gray,1,789
161,3,1,1,Blank,Color,0.916666667,708
161,3,1,1,Color,Color,0.916666667,625
161,3,1,1,Color,Gray,1,762
163,4,2,1,Blank,Gray,1,1135.5
163,4,2,1,Blank,Color,1,1020.5
163,4,2,1,Color,Color,1,963
163,4,2,1,Color,Gray,1,1349.5
165,1,2,1,Blank,Gray,1,1177
165,1,2,1,Blank,Color,1,692.5
165,1,2,1,Color,Color,1,1802
165,1,2,1,Color,Gray,1,1030
167,2,1,1,Blank,Gray,1,1093
167,2,1,1,Blank,Color,1,1221.5
167,2,1,1,Color,Color,0.916666667,1019
167,2,1,1,Color,Gray,1,1014
169,2,2,1,Blank,Gray,1,880
169,2,2,1,Blank,Color,1,904
169,2,2,1,Color,Color,1,774
169,2,2,1,Color,Gray,0.916666667,842
171,4,2,1,Blank,Gray,0.916666667,1545
171,4,2,1,Blank,Color,1,1389
171,4,2,1,Color,Color,1,1878
171,4,2,1,Color,Gray,0.916666667,1813
173,2,1,1,Blank,Gray,1,664
173,2,1,1,Blank,Color,1,720
173,2,1,1,Color,Color,1,810
173,2,1,1,Color,Gray,1,707.5
175,4,1,1,Blank,Gray,1,957.5
175,4,1,1,Blank,Color,1,985.5
175,4,1,1,Color,Color,0.916666667,782
175,4,1,1,Color,Gray,1,1710.5
177,2,1,1,Blank,Gray,1,720
177,2,1,1,Blank,Color,1,963.5
177,2,1,1,Color,Color,1,787
177,2,1,1,Color,Gray,0.916666667,1003
179,4,2,1,Blank,Gray,1,833
179,4,2,1,Blank,Color,1,770.5
179,4,2,1,Color,Color,1,788
179,4,2,1,Color,Gray,1,1106
181,2,1,1,Blank,Gray,1,772.5
181,2,1,1,Blank,Color,0.916666667,845
181,2,1,1,Color,Color,0.916666667,648
181,2,1,1,Color,Gray,1,1016
183,4,1,1,Blank,Gray,1,1505
183,4,1,1,Blank,Color,1,1583
183,4,1,1,Color,Color,0.916666667,2204
183,4,1,1,Color,Gray,1,1954
185,2,2,1,Blank,Gray,1,937
185,2,2,1,Blank,Color,0.833333333,1050
185,2,2,1,Color,Color,1,766
185,2,2,1,Color,Gray,1,1000.5
189,2,1,1,Blank,Gray,1,630.5
189,2,1,1,Blank,Color,1,651
189,2,1,1,Color,Color,1,710
189,2,1,1,Color,Gray,1,636.5
191,4,2,1,Blank,Gray,1,909
191,4,2,1,Blank,Color,1,1142
191,4,2,1,Color,Color,1,805
191,4,2,1,Color,Gray,1,965.5
195,4,2,1,Blank,Gray,0.916666667,657
195,4,2,1,Blank,Color,1,653
195,4,2,1,Color,Color,1,707
195,4,2,1,Color,Gray,1,778
197,2,1,1,Blank,Gray,1,437.5
197,2,1,1,Blank,Color,0.916666667,505
197,2,1,1,Color,Color,1,472.5
197,2,1,1,Color,Gray,1,485
199,4,1,1,Blank,Gray,1,709.5
199,4,1,1,Blank,Color,1,921.5
199,4,1,1,Color,Color,1,678
199,4,1,1,Color,Gray,1,737.5
201,4,2,1,Blank,Gray,1,575.5
201,4,2,1,Blank,Color,0.833333333,531
201,4,2,1,Color,Color,1,468.5
201,4,2,1,Color,Gray,0.916666667,568
203,1,2,1,Blank,Gray,1,1110
203,1,2,1,Blank,Color,1,985.5
203,1,2,1,Color,Color,1,891
203,1,2,1,Color,Gray,1,1055
205,3,2,1,Blank,Gray,1,565
205,3,2,1,Blank,Color,1,562
205,3,2,1,Color,Color,1,511.5
205,3,2,1,Color,Gray,0.916666667,726
207,1,1,1,Blank,Gray,0.75,1592
207,1,1,1,Blank,Color,1,1821
207,1,1,1,Color,Color,1,809.5
207,1,1,1,Color,Gray,1,961.5
209,3,2,1,Blank,Gray,1,866
209,3,2,1,Blank,Color,1,871
209,3,2,1,Color,Color,1,923.5
209,3,2,1,Color,Gray,1,997.5
211,1,1,1,Blank,Gray,1,468
211,1,1,1,Blank,Color,1,543.5
211,1,1,1,Color,Color,1,512.5
211,1,1,1,Color,Gray,1,639
213,3,2,1,Blank,Gray,0.916666667,627
213,3,2,1,Blank,Color,1,615.5
213,3,2,1,Color,Color,1,651
213,3,2,1,Color,Gray,0.916666667,570
215,1,1,1,Blank,Gray,1,700.5
215,1,1,1,Blank,Color,1,660.5
215,1,1,1,Color,Color,1,619
215,1,1,1,Color,Gray,1,649
217,3,2,1,Blank,Gray,0.916666667,719
217,3,2,1,Blank,Color,1,665.5
217,3,2,1,Color,Color,1,667.5
217,3,2,1,Color,Gray,0.916666667,673
219,1,2,1,Blank,Gray,1,1651
219,1,2,1,Blank,Color,1,1316.5
219,1,2,1,Color,Color,1,1194.5
219,1,2,1,Color,Gray,0.916666667,1080
221,3,2,1,Blank,Gray,1,571
221,3,2,1,Blank,Color,1,447
221,3,2,1,Color,Color,1,455
221,3,2,1,Color,Gray,1,697.5
223,1,2,1,Blank,Gray,1,729.5
223,1,2,1,Blank,Color,1,640.5
223,1,2,1,Color,Color,1,657.5
223,1,2,1,Color,Gray,1,763
225,3,2,1,Blank,Gray,1,722.5
225,3,2,1,Blank,Color,1,565
225,3,2,1,Color,Color,0.916666667,757
225,3,2,1,Color,Gray,1,665
227,1,1,1,Blank,Gray,1,646
227,1,1,1,Blank,Color,1,704.5
227,1,1,1,Color,Color,1,639.5
227,1,1,1,Color,Gray,1,685
229,3,1,1,Blank,Gray,1,988.5
229,3,1,1,Blank,Color,1,1241
229,3,1,1,Color,Color,1,998.5
229,3,1,1,Color,Gray,1,1040.5
231,1,2,1,Blank,Gray,1,872
231,1,2,1,Blank,Color,1,707.5
231,1,2,1,Color,Color,1,775.5
231,1,2,1,Color,Gray,1,692.5
233,3,1,1,Blank,Gray,1,760.5
233,3,1,1,Blank,Color,1,563
233,3,1,1,Color,Color,1,825.5
233,3,1,1,Color,Gray,1,682
235,1,1,1,Blank,Gray,1,622
235,1,1,1,Blank,Color,1,559.5
235,1,1,1,Color,Color,1,546
235,1,1,1,Color,Gray,0.916666667,616
36,1,1,2,Blank,Gray,1,621
36,1,1,2,Blank,Color,1,514.5
36,1,1,2,Color,Color,1,679
36,1,1,2,Color,Gray,1,580
38,2,1,2,Blank,Gray,1,895
38,2,1,2,Blank,Color,1,850.5
38,2,1,2,Color,Color,1,882
38,2,1,2,Color,Gray,1,925.5
40,3,2,2,Blank,Gray,1,1018
40,3,2,2,Blank,Color,0.916666667,790
40,3,2,2,Color,Color,1,911
40,3,2,2,Color,Gray,1,957.5
42,4,2,2,Blank,Gray,0.833333333,1291
42,4,2,2,Blank,Color,1,1289
42,4,2,2,Color,Color,1,1319
42,4,2,2,Color,Gray,0.916666667,1154
44,1,1,2,Blank,Gray,0.916666667,1014
44,1,1,2,Blank,Color,1,1053.5
44,1,1,2,Color,Color,1,972
44,1,1,2,Color,Gray,0.916666667,1263
46,2,2,2,Blank,Gray,1,1055.5
46,2,2,2,Blank,Color,1,830
46,2,2,2,Color,Color,1,1108.5
46,2,2,2,Color,Gray,1,1210.5
48,3,2,2,Blank,Gray,1,597.5
48,3,2,2,Blank,Color,1,566.5
48,3,2,2,Color,Color,0.916666667,577
48,3,2,2,Color,Gray,0.916666667,667
50,4,2,2,Blank,Gray,0.916666667,841
50,4,2,2,Blank,Color,1,883.5
50,4,2,2,Color,Color,1,974
50,4,2,2,Color,Gray,1,1022.5
52,1,2,2,Blank,Gray,0.833333333,1321.5
52,1,2,2,Blank,Color,1,1394.5
52,1,2,2,Color,Color,1,1512.5
52,1,2,2,Color,Gray,0.916666667,1459
54,2,1,2,Blank,Gray,1,631
54,2,1,2,Blank,Color,1,680.5
54,2,1,2,Color,Color,1,735
54,2,1,2,Color,Gray,1,645
56,3,1,2,Blank,Gray,1,799.5
56,3,1,2,Blank,Color,1,615
56,3,1,2,Color,Color,1,680.5
56,3,1,2,Color,Gray,1,805
58,4,2,2,Blank,Gray,1,1035.5
58,4,2,2,Blank,Color,1,1111
58,4,2,2,Color,Color,1,995.5
58,4,2,2,Color,Gray,1,1035
60,1,2,2,Blank,Gray,0.916666667,707
60,1,2,2,Blank,Color,1,573.5
60,1,2,2,Color,Color,1,543
60,1,2,2,Color,Gray,1,542
62,2,2,2,Blank,Gray,1,677.5
62,2,2,2,Blank,Color,1,599.5
62,2,2,2,Color,Color,1,664.5
62,2,2,2,Color,Gray,1,576
64,3,1,2,Blank,Gray,1,1642
64,3,1,2,Blank,Color,1,1568
64,3,1,2,Color,Color,1,1720.5
64,3,1,2,Color,Gray,1,1660.5
66,4,1,2,Blank,Gray,0.916666667,1547
66,4,1,2,Blank,Color,1,1528
66,4,1,2,Color,Color,1,1344.5
66,4,1,2,Color,Gray,1,1359
68,1,1,2,Blank,Gray,1,533.5
68,1,1,2,Blank,Color,0.916666667,441
68,1,1,2,Color,Color,0.916666667,399
68,1,1,2,Color,Gray,1,462
70,2,2,2,Blank,Gray,1,804
70,2,2,2,Blank,Color,1,987.5
70,2,2,2,Color,Color,1,1299.5
70,2,2,2,Color,Gray,1,896.5
72,3,2,2,Blank,Gray,1,1344.5
72,3,2,2,Blank,Color,1,1162
72,3,2,2,Color,Color,1,1232
72,3,2,2,Color,Gray,1,1238
74,4,1,2,Blank,Gray,0.916666667,607
74,4,1,2,Blank,Color,1,524.5
74,4,1,2,Color,Color,1,540
74,4,1,2,Color,Gray,1,540.5
76,1,2,2,Blank,Gray,1,800
76,1,2,2,Blank,Color,1,763
76,1,2,2,Color,Color,1,1125
76,1,2,2,Color,Gray,1,1083.5
78,2,1,2,Blank,Gray,1,1020.5
78,2,1,2,Blank,Color,1,1014
78,2,1,2,Color,Color,1,950
78,2,1,2,Color,Gray,1,1314.5
80,3,1,2,Blank,Gray,1,627
80,3,1,2,Blank,Color,1,659
80,3,1,2,Color,Color,1,530
80,3,1,2,Color,Gray,1,597.5
82,4,1,2,Blank,Gray,1,566.5
82,4,1,2,Blank,Color,1,573
82,4,1,2,Color,Color,1,666.5
82,4,1,2,Color,Gray,1,699
84,1,1,2,Blank,Gray,1,1089.5
84,1,1,2,Blank,Color,1,1027
84,1,1,2,Color,Color,1,1520.5
84,1,1,2,Color,Gray,0.916666667,1028
86,2,1,2,Blank,Gray,1,530.5
86,2,1,2,Blank,Color,0.916666667,469
86,2,1,2,Color,Color,1,494.5
86,2,1,2,Color,Gray,1,642.5
88,3,1,2,Blank,Gray,1,757
88,3,1,2,Blank,Color,1,499.5
88,3,1,2,Color,Color,0.916666667,579
88,3,1,2,Color,Gray,1,590
90,4,1,2,Blank,Gray,1,839
90,4,1,2,Blank,Color,1,858.5
90,4,1,2,Color,Color,1,704.5
90,4,1,2,Color,Gray,1,1077
92,1,2,2,Blank,Gray,0.916666667,809
92,1,2,2,Blank,Color,1,1171.5
92,1,2,2,Color,Color,1,1429.5
92,1,2,2,Color,Gray,1,1422.5
94,2,2,2,Blank,Gray,1,877
94,2,2,2,Blank,Color,1,1036
94,2,2,2,Color,Color,1,959.5
94,2,2,2,Color,Gray,1,1084
96,3,1,2,Blank,Gray,1,1709
96,3,1,2,Blank,Color,1,1556.5
96,3,1,2,Color,Color,1,1229.5
96,3,1,2,Color,Gray,1,1475
98,4,1,2,Blank,Gray,1,886.5
98,4,1,2,Blank,Color,1,516
98,4,1,2,Color,Color,1,547
98,4,1,2,Color,Gray,1,678
100,1,2,2,Blank,Gray,0.916666667,616
100,1,2,2,Blank,Color,1,520
100,1,2,2,Color,Color,1,508
100,1,2,2,Color,Gray,0.916666667,643
102,2,2,2,Blank,Gray,1,585
102,2,2,2,Blank,Color,1,519
102,2,2,2,Color,Color,1,524
102,2,2,2,Color,Gray,0.916666667,663
104,3,2,2,Blank,Gray,1,813.5
104,3,2,2,Blank,Color,0.916666667,661
104,3,2,2,Color,Color,1,687.5
104,3,2,2,Color,Gray,1,781.5
106,4,1,2,Blank,Gray,1,715
106,4,1,2,Blank,Color,1,692.5
106,4,1,2,Color,Color,1,591.5
106,4,1,2,Color,Gray,0.916666667,689
108,1,2,2,Blank,Gray,0.916666667,528
108,1,2,2,Blank,Color,1,536
108,1,2,2,Color,Color,1,538
108,1,2,2,Color,Gray,1,638
110,2,2,2,Blank,Gray,1,1050
110,2,2,2,Blank,Color,1,819.5
110,2,2,2,Color,Color,1,748.5
110,2,2,2,Color,Gray,1,925
112,3,1,2,Blank,Gray,1,691
112,3,1,2,Blank,Color,0.916666667,607
112,3,1,2,Color,Color,1,602
112,3,1,2,Color,Gray,1,691.5
114,4,1,2,Blank,Gray,0.916666667,1125
114,4,1,2,Blank,Color,1,1095
114,4,1,2,Color,Color,1,1252
114,4,1,2,Color,Gray,0.916666667,1015
116,1,2,2,Blank,Gray,1,761
116,1,2,2,Blank,Color,1,702
116,1,2,2,Color,Color,1,713
116,1,2,2,Color,Gray,1,900.5
118,2,1,2,Blank,Gray,1,607.5
118,2,1,2,Blank,Color,1,580.5
118,2,1,2,Color,Color,1,561.5
118,2,1,2,Color,Gray,1,618
120,3,2,2,Blank,Gray,1,595
120,3,2,2,Blank,Color,1,524.5
120,3,2,2,Color,Color,0.916666667,530
120,3,2,2,Color,Gray,1,562
124,1,1,2,Blank,Gray,0.916666667,781
124,1,1,2,Blank,Color,0.833333333,571
124,1,1,2,Color,Color,1,536
124,1,1,2,Color,Gray,0.833333333,1034.5
126,2,1,2,Blank,Gray,1,1317.5
126,2,1,2,Blank,Color,1,1074
126,2,1,2,Color,Color,1,1218
126,2,1,2,Color,Gray,1,1295.5
128,3,1,2,Blank,Gray,1,1224
128,3,1,2,Blank,Color,0.916666667,1472
128,3,1,2,Color,Color,0.916666667,1424
128,3,1,2,Color,Gray,0.916666667,1404
130,4,2,2,Blank,Gray,1,699.5
130,4,2,2,Blank,Color,1,652
130,4,2,2,Color,Color,1,678
130,4,2,2,Color,Gray,0.916666667,643
132,1,2,2,Blank,Gray,1,676.5
132,1,2,2,Blank,Color,1,632
132,1,2,2,Color,Color,1,603
132,1,2,2,Color,Gray,0.916666667,699
134,2,2,2,Blank,Gray,1,1364
134,2,2,2,Blank,Color,1,936.5
134,2,2,2,Color,Color,1,1269.5
134,2,2,2,Color,Gray,1,1157
136,3,2,2,Blank,Gray,1,700.5
136,3,2,2,Blank,Color,0.916666667,541
136,3,2,2,Color,Color,0.916666667,587
136,3,2,2,Color,Gray,1,679.5
138,4,1,2,Blank,Gray,1,1136.5
138,4,1,2,Blank,Color,1,651.5
138,4,1,2,Color,Color,1,806
138,4,1,2,Color,Gray,0.916666667,895
140,1,2,2,Blank,Gray,0.916666667,986
140,1,2,2,Blank,Color,1,1310
140,1,2,2,Color,Color,1,1221.5
140,1,2,2,Color,Gray,0.916666667,1036
142,2,1,2,Blank,Gray,1,568
142,2,1,2,Blank,Color,0.916666667,538
142,2,1,2,Color,Color,1,622
142,2,1,2,Color,Gray,1,685
144,3,1,2,Blank,Gray,1,815
144,3,1,2,Blank,Color,1,731.5
144,3,1,2,Color,Color,1,659.5
144,3,1,2,Color,Gray,1,702
146,4,1,2,Blank,Gray,0.916666667,658
146,4,1,2,Blank,Color,1,643
146,4,1,2,Color,Color,1,661.5
146,4,1,2,Color,Gray,1,651.5
148,1,2,2,Blank,Gray,1,642.5
148,1,2,2,Blank,Color,1,553
148,1,2,2,Color,Color,1,662
148,1,2,2,Color,Gray,1,730
150,2,1,2,Blank,Gray,1,1075.5
150,2,1,2,Blank,Color,0.916666667,908
150,2,1,2,Color,Color,1,1043.5
150,2,1,2,Color,Gray,1,1124
152,3,1,2,Blank,Gray,1,637
152,3,1,2,Blank,Color,0.916666667,1049
152,3,1,2,Color,Color,1,617.5
152,3,1,2,Color,Gray,1,703
154,4,1,2,Blank,Gray,0.916666667,1184
154,4,1,2,Blank,Color,1,968
154,4,1,2,Color,Color,1,1124
154,4,1,2,Color,Gray,0.916666667,962
156,1,2,2,Blank,Gray,0.916666667,688
156,1,2,2,Blank,Color,1,699
156,1,2,2,Color,Color,1,678
156,1,2,2,Color,Gray,0.916666667,812
158,2,1,2,Blank,Gray,1,614
158,2,1,2,Blank,Color,1,810
158,2,1,2,Color,Color,0.916666667,733
158,2,1,2,Color,Gray,1,631.5
160,3,1,2,Blank,Gray,1,755.5
160,3,1,2,Blank,Color,1,736.5
160,3,1,2,Color,Color,1,534.5
160,3,1,2,Color,Gray,1,732.5
162,4,1,2,Blank,Gray,1,519.5
162,4,1,2,Blank,Color,1,427
162,4,1,2,Color,Color,1,407.5
162,4,1,2,Color,Gray,0.916666667,490
164,1,1,2,Blank,Gray,1,666
164,1,1,2,Blank,Color,1,585.5
164,1,1,2,Color,Color,0.916666667,470
164,1,1,2,Color,Gray,0.916666667,592
166,2,1,2,Blank,Gray,1,732
166,2,1,2,Blank,Color,1,618.5
166,2,1,2,Color,Color,0.916666667,717
166,2,1,2,Color,Gray,1,831
168,3,1,2,Blank,Gray,1,881.5
168,3,1,2,Blank,Color,1,1080
168,3,1,2,Color,Color,1,796.5
168,3,1,2,Color,Gray,1,942
170,1,2,2,Blank,Gray,1,1154
170,1,2,2,Blank,Color,1,853
170,1,2,2,Color,Color,1,941.5
170,1,2,2,Color,Gray,1,1079.5
172,3,1,2,Blank,Gray,1,932.5
172,3,1,2,Blank,Color,0.833333333,753.5
172,3,1,2,Color,Color,1,740
172,3,1,2,Color,Gray,1,796.5
174,1,1,2,Blank,Gray,1,1124
174,1,1,2,Blank,Color,1,1401
174,1,1,2,Color,Color,1,1134.5
174,1,1,2,Color,Gray,1,1306.5
176,3,2,2,Blank,Gray,1,562
176,3,2,2,Blank,Color,1,677.5
176,3,2,2,Color,Color,1,735
176,3,2,2,Color,Gray,1,684
178,1,1,2,Blank,Gray,1,1443
178,1,1,2,Blank,Color,1,1331.5
178,1,1,2,Color,Color,1,1492
178,1,1,2,Color,Gray,0.916666667,1320
182,1,1,2,Blank,Gray,0.916666667,891
182,1,1,2,Blank,Color,1,1078
182,1,1,2,Color,Color,1,1030.5
182,1,1,2,Color,Gray,0.833333333,858
184,3,2,2,Blank,Gray,1,633.5
184,3,2,2,Blank,Color,0.916666667,604
184,3,2,2,Color,Color,1,694.5
184,3,2,2,Color,Gray,1,729.5
186,1,2,2,Blank,Gray,0.916666667,569
186,1,2,2,Blank,Color,1,546.5
186,1,2,2,Color,Color,1,594
186,1,2,2,Color,Gray,1,697.5
188,3,2,2,Blank,Gray,1,636
188,3,2,2,Blank,Color,1,666
188,3,2,2,Color,Color,1,620.5
188,3,2,2,Color,Gray,0.916666667,572
190,1,2,2,Blank,Gray,1,735.5
190,1,2,2,Blank,Color,1,720
190,1,2,2,Color,Color,1,802.5
190,1,2,2,Color,Gray,0.916666667,890
192,3,2,2,Blank,Gray,1,659.5
192,3,2,2,Blank,Color,1,519.5
192,3,2,2,Color,Color,1,538.5
192,3,2,2,Color,Gray,1,598.5
194,1,1,2,Blank,Gray,1,953.5
194,1,1,2,Blank,Color,1,952
194,1,1,2,Color,Color,1,912.5
194,1,1,2,Color,Gray,0.916666667,1058
196,3,1,2,Blank,Gray,1,625.5
196,3,1,2,Blank,Color,0.916666667,520
196,3,1,2,Color,Color,0.916666667,532
196,3,1,2,Color,Gray,1,658
198,1,2,2,Blank,Gray,0.916666667,1005
198,1,2,2,Blank,Color,1,1092
198,1,2,2,Color,Color,1,998.5
198,1,2,2,Color,Gray,1,995
200,3,1,2,Blank,Gray,1,605.5
200,3,1,2,Blank,Color,0.916666667,677
200,3,1,2,Color,Color,0.916666667,569
200,3,1,2,Color,Gray,1,756.5
202,4,2,2,Blank,Gray,1,740.5
202,4,2,2,Blank,Color,1,671
202,4,2,2,Color,Color,1,658.5
202,4,2,2,Color,Gray,1,695
204,2,1,2,Blank,Gray,1,494
204,2,1,2,Blank,Color,1,559
204,2,1,2,Color,Color,1,472
204,2,1,2,Color,Gray,0.833333333,532.5
206,4,2,2,Blank,Gray,0.916666667,1006
206,4,2,2,Blank,Color,1,827.5
206,4,2,2,Color,Color,1,806
206,4,2,2,Color,Gray,1,843.5
208,2,1,2,Blank,Gray,1,570
208,2,1,2,Blank,Color,0.916666667,669
208,2,1,2,Color,Color,1,846
208,2,1,2,Color,Gray,1,684.5
212,2,2,2,Blank,Gray,1,808
212,2,2,2,Blank,Color,1,684
212,2,2,2,Color,Color,1,707.5
212,2,2,2,Color,Gray,0.916666667,693
214,4,1,2,Blank,Gray,1,1084
214,4,1,2,Blank,Color,1,866
214,4,1,2,Color,Color,1,1155.5
214,4,1,2,Color,Gray,1,944.5
216,2,2,2,Blank,Gray,1,1057.5
216,2,2,2,Blank,Color,1,1020.5
216,2,2,2,Color,Color,0.916666667,1105
216,2,2,2,Color,Gray,1,1151
218,4,2,2,Blank,Gray,1,1282.5
218,4,2,2,Blank,Color,1,794
218,4,2,2,Color,Color,1,722.5
218,4,2,2,Color,Gray,1,1020
220,2,2,2,Blank,Gray,1,1654.5
220,2,2,2,Blank,Color,1,1436
220,2,2,2,Color,Color,1,1486
220,2,2,2,Color,Gray,1,1367.5
222,4,1,2,Blank,Gray,1,753
222,4,1,2,Blank,Color,1,618.5
222,4,1,2,Color,Color,1,552
222,4,1,2,Color,Gray,1,680.5
224,2,2,2,Blank,Gray,1,1062
224,2,2,2,Blank,Color,1,848.5
224,2,2,2,Color,Color,1,1133
224,2,2,2,Color,Gray,1,1295.5
226,4,1,2,Blank,Gray,1,1098
226,4,1,2,Blank,Color,1,871
226,4,1,2,Color,Color,0.916666667,801
226,4,1,2,Color,Gray,1,1172
228,2,1,2,Blank,Gray,1,1169.5
228,2,1,2,Blank,Color,1,1125.5
228,2,1,2,Color,Color,0.916666667,1048
228,2,1,2,Color,Gray,1,1107.5
232,2,2,2,Blank,Gray,0.833333333,1661
232,2,2,2,Blank,Color,1,1118.5
232,2,2,2,Color,Color,1,1297
232,2,2,2,Color,Gray,1,1310.5
236,4,2,2,Blank,Gray,0.916666667,662
236,4,2,2,Blank,Color,0.916666667,707
236,4,2,2,Color,Color,1,779
236,4,2,2,Color,Gray,0.916666667,977
238,4,2,2,Blank,Gray,1,593.5
238,4,2,2,Blank,Color,1,590.5
238,4,2,2,Color,Color,1,610.5
238,4,2,2,Color,Gray,1,684.5
1,1,NA,3,Blank,Gray,1,564.5
1,1,NA,3,Blank,Color,1,649.5
1,1,NA,3,Color,Color,1,570.5
1,1,NA,3,Color,Gray,1,711
2,2,NA,3,Blank,Gray,0.916666667,1494
2,2,NA,3,Blank,Color,1,1151.5
2,2,NA,3,Color,Color,1,1108
2,2,NA,3,Color,Gray,1,1223.5
3,3,NA,3,Blank,Gray,1,866
3,3,NA,3,Blank,Color,1,1081
3,3,NA,3,Color,Color,1,935
3,3,NA,3,Color,Gray,1,990.5
5,1,NA,3,Blank,Gray,0.916666667,1335
5,1,NA,3,Blank,Color,1,1490
5,1,NA,3,Color,Color,1,1339
5,1,NA,3,Color,Gray,1,1762.5
6,2,NA,3,Blank,Gray,1,1088.5
6,2,NA,3,Blank,Color,1,1016
6,2,NA,3,Color,Color,1,1002.5
6,2,NA,3,Color,Gray,1,1167
7,3,NA,3,Blank,Gray,0.916666667,999
7,3,NA,3,Blank,Color,1,1051.5
7,3,NA,3,Color,Color,1,1129.5
7,3,NA,3,Color,Gray,0.916666667,910
8,4,NA,3,Blank,Gray,0.916666667,1416
8,4,NA,3,Blank,Color,1,1206
8,4,NA,3,Color,Color,1,1162
8,4,NA,3,Color,Gray,0.916666667,1163
9,1,NA,3,Blank,Gray,1,1491.5
9,1,NA,3,Blank,Color,1,1800
9,1,NA,3,Color,Color,1,1620
9,1,NA,3,Color,Gray,1,1358
10,2,NA,3,Blank,Gray,1,1245
10,2,NA,3,Blank,Color,1,1180.5
10,2,NA,3,Color,Color,0.916666667,1198
10,2,NA,3,Color,Gray,1,1530
11,3,NA,3,Blank,Gray,1,684.5
11,3,NA,3,Blank,Color,1,580
11,3,NA,3,Color,Color,1,490.5
11,3,NA,3,Color,Gray,1,601
12,4,NA,3,Blank,Gray,1,1228
12,4,NA,3,Blank,Color,1,1345.5
12,4,NA,3,Color,Color,1,1446
12,4,NA,3,Color,Gray,1,1353
13,1,NA,3,Blank,Gray,1,1019.5
13,1,NA,3,Blank,Color,1,953.5
13,1,NA,3,Color,Color,1,992
13,1,NA,3,Color,Gray,1,1065.5
14,2,NA,3,Blank,Gray,1,1232.5
14,2,NA,3,Blank,Color,0.916666667,1098
14,2,NA,3,Color,Color,1,1194
14,2,NA,3,Color,Gray,1,1282.5
15,3,NA,3,Blank,Gray,1,734.5
15,3,NA,3,Blank,Color,0.916666667,1008
15,3,NA,3,Color,Color,1,941.5
15,3,NA,3,Color,Gray,1,613.5
16,4,NA,3,Blank,Gray,1,1300
16,4,NA,3,Blank,Color,1,1249.5
16,4,NA,3,Color,Color,1,1149.5
16,4,NA,3,Color,Gray,1,1220
17,1,NA,3,Blank,Gray,0.916666667,1219
17,1,NA,3,Blank,Color,0.916666667,1401
17,1,NA,3,Color,Color,1,1665
17,1,NA,3,Color,Gray,0.916666667,1574
18,2,NA,3,Blank,Gray,1,1026
18,2,NA,3,Blank,Color,1,1124
18,2,NA,3,Color,Color,1,963.5
18,2,NA,3,Color,Gray,1,958.5
19,3,NA,3,Blank,Gray,1,727
19,3,NA,3,Blank,Color,0.916666667,1185
19,3,NA,3,Color,Color,1,684
19,3,NA,3,Color,Gray,1,807
20,4,NA,3,Blank,Gray,0.75,1170
20,4,NA,3,Blank,Color,0.916666667,1146
20,4,NA,3,Color,Color,1,1052.5
20,4,NA,3,Color,Gray,0.833333333,1203.5
21,1,NA,3,Blank,Gray,1,586
21,1,NA,3,Blank,Color,1,459
21,1,NA,3,Color,Color,1,384
21,1,NA,3,Color,Gray,1,582
22,2,NA,3,Blank,Gray,1,1328
22,2,NA,3,Blank,Color,1,1250
22,2,NA,3,Color,Color,0.916666667,1507
22,2,NA,3,Color,Gray,1,1541.5
23,3,NA,3,Blank,Gray,1,1243
23,3,NA,3,Blank,Color,0.916666667,1097
23,3,NA,3,Color,Color,1,1076.5
23,3,NA,3,Color,Gray,1,1076
24,4,NA,3,Blank,Gray,1,1408.5
24,4,NA,3,Blank,Color,1,1726.5
24,4,NA,3,Color,Color,1,1296
24,4,NA,3,Color,Gray,1,1220
26,2,NA,3,Blank,Gray,0.916666667,1566
26,2,NA,3,Blank,Color,0.916666667,1563
26,2,NA,3,Color,Color,1,1399
26,2,NA,3,Color,Gray,1,1439
27,3,NA,3,Blank,Gray,1,866
27,3,NA,3,Blank,Color,1,1047
27,3,NA,3,Color,Color,1,832
27,3,NA,3,Color,Gray,0.916666667,866
28,4,NA,3,Blank,Gray,1,1475
28,4,NA,3,Blank,Color,1,1317.5
28,4,NA,3,Color,Color,1,1283
28,4,NA,3,Color,Gray,0.916666667,1223
29,1,NA,3,Blank,Gray,1,533
29,1,NA,3,Blank,Color,1,619.5
29,1,NA,3,Color,Color,1,672
29,1,NA,3,Color,Gray,1,632.5
30,2,NA,3,Blank,Gray,0.916666667,1408
30,2,NA,3,Blank,Color,1,1195
30,2,NA,3,Color,Color,0.916666667,1136
30,2,NA,3,Color,Gray,1,1468
31,3,NA,3,Blank,Gray,1,601
31,3,NA,3,Blank,Color,1,639
31,3,NA,3,Color,Color,1,635
31,3,NA,3,Color,Gray,1,719.5
32,4,NA,3,Blank,Gray,1,1455
32,4,NA,3,Blank,Color,1,1401
32,4,NA,3,Color,Color,1,1072.5
32,4,NA,3,Color,Gray,1,1612.5
33,1,NA,3,Blank,Gray,1,943.5
33,1,NA,3,Blank,Color,1,844.5
33,1,NA,3,Color,Color,1,992.5
33,1,NA,3,Color,Gray,1,1139.5
34,2,NA,3,Blank,Gray,0.75,1290
34,2,NA,3,Blank,Color,0.833333333,1679.5
34,2,NA,3,Color,Color,1,1252
34,2,NA,3,Color,Gray,0.75,2162
35,3,NA,3,Blank,Gray,1,620.5
35,3,NA,3,Blank,Color,1,569
35,3,NA,3,Color,Color,1,536
35,3,NA,3,Color,Gray,1,644
36,4,NA,3,Blank,Gray,1,1228
36,4,NA,3,Blank,Color,1,1153.5
36,4,NA,3,Color,Color,1,1128
36,4,NA,3,Color,Gray,1,905
37,1,NA,3,Blank,Gray,1,1170.5
37,1,NA,3,Blank,Color,1,1324
37,1,NA,3,Color,Color,1,1170
37,1,NA,3,Color,Gray,1,1279
38,2,NA,3,Blank,Gray,1,708
38,2,NA,3,Blank,Color,0.916666667,600
38,2,NA,3,Color,Color,1,770.5
38,2,NA,3,Color,Gray,0.916666667,951
39,3,NA,3,Blank,Gray,1,1623.5
39,3,NA,3,Blank,Color,1,1792.5
39,3,NA,3,Color,Color,1,1319.5
39,3,NA,3,Color,Gray,1,1866.5
40,4,NA,3,Blank,Gray,1,566
40,4,NA,3,Blank,Color,1,557.5
40,4,NA,3,Color,Color,1,451.5
40,4,NA,3,Color,Gray,1,442.5
41,1,NA,3,Blank,Gray,1,923
41,1,NA,3,Blank,Color,0.916666667,869
41,1,NA,3,Color,Color,1,911.5
41,1,NA,3,Color,Gray,0.916666667,1141
42,2,NA,3,Blank,Gray,1,1148
42,2,NA,3,Blank,Color,0.916666667,944
42,2,NA,3,Color,Color,1,1258
42,2,NA,3,Color,Gray,1,1215
43,3,NA,3,Blank,Gray,1,1110.5
43,3,NA,3,Blank,Color,1,830.5
43,3,NA,3,Color,Color,1,958
43,3,NA,3,Color,Gray,1,903
44,4,NA,3,Blank,Gray,1,668.5
44,4,NA,3,Blank,Color,1,663
44,4,NA,3,Color,Color,0.916666667,653
44,4,NA,3,Color,Gray,1,694.5
45,1,NA,3,Blank,Gray,0.916666667,779
45,1,NA,3,Blank,Color,1,898.5
45,1,NA,3,Color,Color,0.916666667,558
45,1,NA,3,Color,Gray,1,807
46,2,NA,3,Blank,Gray,1,814.5
46,2,NA,3,Blank,Color,1,851
46,2,NA,3,Color,Color,0.916666667,770
46,2,NA,3,Color,Gray,1,914
47,3,NA,3,Blank,Gray,1,1536.5
47,3,NA,3,Blank,Color,0.916666667,1542
47,3,NA,3,Color,Color,0.916666667,1252
47,3,NA,3,Color,Gray,1,1754.5
48,4,NA,3,Blank,Gray,1,1501
48,4,NA,3,Blank,Color,0.916666667,1413
48,4,NA,3,Color,Color,1,1229
48,4,NA,3,Color,Gray,1,1251
49,1,NA,3,Blank,Gray,0.916666667,1721
49,1,NA,3,Blank,Color,0.916666667,1380
49,1,NA,3,Color,Color,1,1801.5
49,1,NA,3,Color,Gray,0.916666667,1785
50,2,NA,3,Blank,Gray,0.916666667,1206
50,2,NA,3,Blank,Color,1,1631
50,2,NA,3,Color,Color,1,1606
50,2,NA,3,Color,Gray,1,1534.5
51,3,NA,3,Blank,Gray,1,2144.5
51,3,NA,3,Blank,Color,0.916666667,2912
51,3,NA,3,Color,Color,1,1540.5
51,3,NA,3,Color,Gray,1,1801.5
52,4,NA,3,Blank,Gray,1,1158
52,4,NA,3,Blank,Color,1,1414
52,4,NA,3,Color,Color,1,1069.5
52,4,NA,3,Color,Gray,1,1179.5
53,1,NA,3,Blank,Gray,1,1136.5
53,1,NA,3,Blank,Color,1,1601
53,1,NA,3,Color,Color,1,1420.5
53,1,NA,3,Color,Gray,1,1326.5
54,2,NA,3,Blank,Gray,1,1128
54,2,NA,3,Blank,Color,1,1039.5
54,2,NA,3,Color,Color,1,1353
54,2,NA,3,Color,Gray,1,1065
55,3,NA,3,Blank,Gray,1,552.5
55,3,NA,3,Blank,Color,0.916666667,713
55,3,NA,3,Color,Color,1,498
55,3,NA,3,Color,Gray,1,515.5
56,4,NA,3,Blank,Gray,1,755
56,4,NA,3,Blank,Color,1,816
56,4,NA,3,Color,Color,1,592
56,4,NA,3,Color,Gray,0.916666667,820
57,1,NA,3,Blank,Gray,0.916666667,716
57,1,NA,3,Blank,Color,0.916666667,892
57,1,NA,3,Color,Color,1,686.5
57,1,NA,3,Color,Gray,0.75,775
58,2,NA,3,Blank,Gray,1,884
58,2,NA,3,Blank,Color,1,843.5
58,2,NA,3,Color,Color,0.916666667,848
58,2,NA,3,Color,Gray,1,921
59,3,NA,3,Blank,Gray,1,1464.5
59,3,NA,3,Blank,Color,1,1561.5
59,3,NA,3,Color,Color,1,1435
59,3,NA,3,Color,Gray,1,1249.5
60,4,NA,3,Blank,Gray,1,520
60,4,NA,3,Blank,Color,1,495.5
60,4,NA,3,Color,Color,1,641.5
60,4,NA,3,Color,Gray,1,485
61,1,NA,3,Blank,Gray,0.833333333,714
61,1,NA,3,Blank,Color,1,573.5
61,1,NA,3,Color,Color,1,603.5
61,1,NA,3,Color,Gray,0.75,1062
62,2,NA,3,Blank,Gray,1,1175.5
62,2,NA,3,Blank,Color,1,1382
62,2,NA,3,Color,Color,0.916666667,1370
62,2,NA,3,Color,Gray,1,1290.5
63,3,NA,3,Blank,Gray,0.916666667,487
63,3,NA,3,Blank,Color,1,617.5
63,3,NA,3,Color,Color,0.916666667,509
63,3,NA,3,Color,Gray,0.833333333,584.5
64,4,NA,3,Blank,Gray,1,1901.5
64,4,NA,3,Blank,Color,1,2330.5
64,4,NA,3,Color,Color,1,1555
64,4,NA,3,Color,Gray,0.916666667,1909
65,1,NA,3,Blank,Gray,1,1048.5
65,1,NA,3,Blank,Color,1,997
65,1,NA,3,Color,Color,1,1501.5
65,1,NA,3,Color,Gray,1,1156
66,2,NA,3,Blank,Gray,0.916666667,983
66,2,NA,3,Blank,Color,1,832
66,2,NA,3,Color,Color,1,1002
66,2,NA,3,Color,Gray,1,966.5
68,4,NA,3,Blank,Gray,0.916666667,759
68,4,NA,3,Blank,Color,0.916666667,661
68,4,NA,3,Color,Color,0.916666667,731
68,4,NA,3,Color,Gray,1,775
69,1,NA,3,Blank,Gray,1,1096
69,1,NA,3,Blank,Color,0.916666667,1320
69,1,NA,3,Color,Color,1,1239.5
69,1,NA,3,Color,Gray,1,1158.5
70,2,NA,3,Blank,Gray,1,879.5
70,2,NA,3,Blank,Color,1,982.5
70,2,NA,3,Color,Color,0.916666667,913
70,2,NA,3,Color,Gray,1,1213.5
71,3,NA,3,Blank,Gray,1,440.5
71,3,NA,3,Blank,Color,0.916666667,412
71,3,NA,3,Color,Color,1,412
71,3,NA,3,Color,Gray,1,431
72,4,NA,3,Blank,Gray,1,2251
72,4,NA,3,Blank,Color,1,2392
72,4,NA,3,Color,Color,1,1704.5
72,4,NA,3,Color,Gray,0.916666667,1514
73,1,NA,3,Blank,Gray,0.916666667,1615
73,1,NA,3,Blank,Color,1,1353
73,1,NA,3,Color,Color,1,1399
73,1,NA,3,Color,Gray,1,2393
74,2,NA,3,Blank,Gray,1,1218.5
74,2,NA,3,Blank,Color,0.916666667,1295
74,2,NA,3,Color,Color,0.916666667,1102
74,2,NA,3,Color,Gray,1,1341.5
75,3,NA,3,Blank,Gray,1,1153.5
75,3,NA,3,Blank,Color,1,988.5
75,3,NA,3,Color,Color,1,892
75,3,NA,3,Color,Gray,1,1157.5
76,4,NA,3,Blank,Gray,1,1930.5
76,4,NA,3,Blank,Color,1,1679.5
76,4,NA,3,Color,Color,1,1504.5
76,4,NA,3,Color,Gray,1,1508
77,1,NA,3,Blank,Gray,0.916666667,955
77,1,NA,3,Blank,Color,1,1231.5
77,1,NA,3,Color,Color,1,1026
77,1,NA,3,Color,Gray,0.916666667,1150
78,2,NA,3,Blank,Gray,1,1117.5
78,2,NA,3,Blank,Color,1,1063
78,2,NA,3,Color,Color,1,1314.5
78,2,NA,3,Color,Gray,1,1288
79,3,NA,3,Blank,Gray,1,1196
79,3,NA,3,Blank,Color,1,1295
79,3,NA,3,Color,Color,1,1293
79,3,NA,3,Color,Gray,1,1129.5
80,4,NA,3,Blank,Gray,1,668.5
80,4,NA,3,Blank,Color,1,563
80,4,NA,3,Color,Color,1,481.5
80,4,NA,3,Color,Gray,1,552.5
81,1,NA,3,Blank,Gray,1,517
81,1,NA,3,Blank,Color,1,600.5
81,1,NA,3,Color,Color,1,656
81,1,NA,3,Color,Gray,1,609.5
82,2,NA,3,Blank,Gray,1,1198
82,2,NA,3,Blank,Color,0.916666667,1074
82,2,NA,3,Color,Color,1,1337.5
82,2,NA,3,Color,Gray,1,1224
83,3,NA,3,Blank,Gray,1,711.5
83,3,NA,3,Blank,Color,0.833333333,817
83,3,NA,3,Color,Color,0.916666667,645
83,3,NA,3,Color,Gray,0.833333333,866.5
84,4,NA,3,Blank,Gray,1,1343
84,4,NA,3,Blank,Color,1,1765
84,4,NA,3,Color,Color,1,1842
84,4,NA,3,Color,Gray,0.916666667,1387
85,1,NA,3,Blank,Gray,1,1335
85,1,NA,3,Blank,Color,1,1745.5
85,1,NA,3,Color,Color,1,1302
85,1,NA,3,Color,Gray,1,1516.5
86,2,NA,3,Blank,Gray,1,1309.5
86,2,NA,3,Blank,Color,1,1381.5
86,2,NA,3,Color,Color,1,1226
86,2,NA,3,Color,Gray,1,1572
87,3,NA,3,Blank,Gray,1,1098.5
87,3,NA,3,Blank,Color,1,1169
87,3,NA,3,Color,Color,0.916666667,1200
87,3,NA,3,Color,Gray,1,1188
89,1,NA,3,Blank,Gray,1,951.5
89,1,NA,3,Blank,Color,1,882
89,1,NA,3,Color,Color,1,900.5
89,1,NA,3,Color,Gray,1,904.5
90,2,NA,3,Blank,Gray,1,1285.5
90,2,NA,3,Blank,Color,1,1116
90,2,NA,3,Color,Color,1,947
90,2,NA,3,Color,Gray,1,1044.5
92,4,NA,3,Blank,Gray,0.916666667,1286
92,4,NA,3,Blank,Color,1,1348.5
92,4,NA,3,Color,Color,1,1258.5
92,4,NA,3,Color,Gray,0.583333333,1497
93,1,NA,3,Blank,Gray,1,1335.5
93,1,NA,3,Blank,Color,1,1266.5
93,1,NA,3,Color,Color,1,1193.5
93,1,NA,3,Color,Gray,1,1537.5
94,2,NA,3,Blank,Gray,1,1010
94,2,NA,3,Blank,Color,1,904
94,2,NA,3,Color,Color,1,1158
94,2,NA,3,Color,Gray,1,994
95,3,NA,3,Blank,Gray,1,1079
95,3,NA,3,Blank,Color,1,1289.5
95,3,NA,3,Color,Color,1,885
95,3,NA,3,Color,Gray,1,951
96,4,NA,3,Blank,Gray,0.916666667,1170
96,4,NA,3,Blank,Color,1,1280
96,4,NA,3,Color,Color,0.916666667,908
96,4,NA,3,Color,Gray,1,962
97,1,NA,3,Blank,Gray,0.916666667,1106
97,1,NA,3,Blank,Color,1,1275.5
97,1,NA,3,Color,Color,1,1254.5
97,1,NA,3,Color,Gray,1,1246
98,2,NA,3,Blank,Gray,1,1363.5
98,2,NA,3,Blank,Color,0.916666667,1301
98,2,NA,3,Color,Color,1,1605.5
98,2,NA,3,Color,Gray,1,1415.5
99,3,NA,3,Blank,Gray,1,1012.5
99,3,NA,3,Blank,Color,1,1268.5
99,3,NA,3,Color,Color,1,1140.5
99,3,NA,3,Color,Gray,1,1358.5
100,4,NA,3,Blank,Gray,1,1427.5
100,4,NA,3,Blank,Color,1,1431
100,4,NA,3,Color,Color,1,1414
100,4,NA,3,Color,Gray,0.916666667,1226
101,1,NA,3,Blank,Gray,1,2219
101,1,NA,3,Blank,Color,1,2435.5
101,1,NA,3,Color,Color,1,2300
101,1,NA,3,Color,Gray,0.916666667,2540
